REF_AREA,Geographic area,INDICATOR,Indicator,SEX,Sex,AGE,Current age,RESIDENCE,Residence,EDUCATION_LEVEL,Education Level,SERIES_FOOTNOTE,UNIT_MULTIPLIER,Unit multiplier,UNIT_MEASURE,Unit of measure,TIME_PERIOD,OBS_VALUE,DATA_SOURCE,OBS_FOOTNOTE,DATA_SOURCE_MAIN,SOWC_FLAG_A,SOWC flag A,TIME_PERIOD_METHOD,Time period activity related to when the data are collected,OBS_STATUS,Observation Status,OBS_CONF,Observation confidentaility
DZA,Algeria,WS_PPL_M-NPART_AGE_15_19,"Percentage of adolescent girls aged 15-19 years who did not participate in school, work, or social activities during their last menstrual period",_T,Total,Y15T19,15 to 19 years old,_T,Total,_T,Total,"Percentage of adolescent girls aged 15-19 years who did not participate in school, work, or social activities during their last menstrual period. It is not a standard JMP/WASH estimator. It is not an annual estimate but estimate from a specific data source. Disaggregated by age.",,,PCNT,%,2019,33.8,WHO/UNICEF Joint Monitoring Programme (2023),,MICS,,,,,,,,
CAF,Central African Republic,WS_PPL_M-NPART_AGE_15_19,"Percentage of adolescent girls aged 15-19 years who did not participate in school, work, or social activities during their last menstrual period",_T,Total,Y15T19,15 to 19 years old,_T,Total,_T,Total,"Percentage of adolescent girls aged 15-19 years who did not participate in school, work, or social activities during their last menstrual period. It is not a standard JMP/WASH estimator. It is not an annual estimate but estimate from a specific data source. Disaggregated by age.",,,PCNT,%,2019,34.9,WHO/UNICEF Joint Monitoring Programme (2023),,MICS,,,,,,,,
TCD,Chad,WS_PPL_M-NPART_AGE_15_19,"Percentage of adolescent girls aged 15-19 years who did not participate in school, work, or social activities during their last menstrual period",_T,Total,Y15T19,15 to 19 years old,_T,Total,_T,Total,"Percentage of adolescent girls aged 15-19 years who did not participate in school, work, or social activities during their last menstrual period. It is not a standard JMP/WASH estimator. It is not an annual estimate but estimate from a specific data source. Disaggregated by age.",,,PCNT,%,2019,35.3,WHO/UNICEF Joint Monitoring Programme (2023),,MICS,,,,,,,,
COD,Democratic Republic of the Congo,WS_PPL_M-NPART_AGE_15_19,"Percentage of adolescent girls aged 15-19 years who did not participate in school, work, or social activities during their last menstrual period",_T,Total,Y15T19,15 to 19 years old,_T,Total,_T,Total,"Percentage of adolescent girls aged 15-19 years who did not participate in school, work, or social activities during their last menstrual period. It is not a standard JMP/WASH estimator. It is not an annual estimate but estimate from a specific data source. Disaggregated by age.",,,PCNT,%,2018,16.6,WHO/UNICEF Joint Monitoring Programme (2023),,MICS,,,,,,,,
GMB,Gambia,WS_PPL_M-NPART_AGE_15_19,"Percentage of adolescent girls aged 15-19 years who did not participate in school, work, or social activities during their last menstrual period",_T,Total,Y15T19,15 to 19 years old,_T,Total,_T,Total,"Percentage of adolescent girls aged 15-19 years who did not participate in school, work, or social activities during their last menstrual period. It is not a standard JMP/WASH estimator. It is not an annual estimate but estimate from a specific data source. Disaggregated by age.",,,PCNT,%,2018,32.5,WHO/UNICEF Joint Monitoring Programme (2023),,MICS,,,,,,,,
GHA,Ghana,WS_PPL_M-NPART_AGE_15_19,"Percentage of adolescent girls aged 15-19 years who did not participate in school, work, or social activities during their last menstrual period",_T,Total,Y15T19,15 to 19 years old,_T,Total,_T,Total,"Percentage of adolescent girls aged 15-19 years who did not participate in school, work, or social activities during their last menstrual period. It is not a standard JMP/WASH estimator. It is not an annual estimate but estimate from a specific data source. Disaggregated by age.",,,PCNT,%,2018,22.0,WHO/UNICEF Joint Monitoring Programme (2023),,MICS,,,,,,,,
GNB,Guinea-Bissau,WS_PPL_M-NPART_AGE_15_19,"Percentage of adolescent girls aged 15-19 years who did not participate in school, work, or social activities during their last menstrual period",_T,Total,Y15T19,15 to 19 years old,_T,Total,_T,Total,"Percentage of adolescent girls aged 15-19 years who did not participate in school, work, or social activities during their last menstrual period. It is not a standard JMP/WASH estimator. It is not an annual estimate but estimate from a specific data source. Disaggregated by age.",,,PCNT,%,2019,10.4,WHO/UNICEF Joint Monitoring Programme (2023),,MICS,,,,,,,,
LSO,Lesotho,WS_PPL_M-NPART_AGE_15_19,"Percentage of adolescent girls aged 15-19 years who did not participate in school, work, or social activities during their last menstrual period",_T,Total,Y15T19,15 to 19 years old,_T,Total,_T,Total,"Percentage of adolescent girls aged 15-19 years who did not participate in school, work, or social activities during their last menstrual period. It is not a standard JMP/WASH estimator. It is not an annual estimate but estimate from a specific data source. Disaggregated by age.",,,PCNT,%,2018,14.9,WHO/UNICEF Joint Monitoring Programme (2023),,MICS,,,,,,,,
MDG,Madagascar,WS_PPL_M-NPART_AGE_15_19,"Percentage of adolescent girls aged 15-19 years who did not participate in school, work, or social activities during their last menstrual period",_T,Total,Y15T19,15 to 19 years old,_T,Total,_T,Total,"Percentage of adolescent girls aged 15-19 years who did not participate in school, work, or social activities during their last menstrual period. It is not a standard JMP/WASH estimator. It is not an annual estimate but estimate from a specific data source. Disaggregated by age.",,,PCNT,%,2018,10.1,WHO/UNICEF Joint Monitoring Programme (2023),,MICS,,,,,,,,
MWI,Malawi,WS_PPL_M-NPART_AGE_15_19,"Percentage of adolescent girls aged 15-19 years who did not participate in school, work, or social activities during their last menstrual period",_T,Total,Y15T19,15 to 19 years old,_T,Total,_T,Total,"Percentage of adolescent girls aged 15-19 years who did not participate in school, work, or social activities during their last menstrual period. It is not a standard JMP/WASH estimator. It is not an annual estimate but estimate from a specific data source. Disaggregated by age.",,,PCNT,%,2020,19.9,WHO/UNICEF Joint Monitoring Programme (2023),,MICS,,,,,,,,
NGA,Nigeria,WS_PPL_M-NPART_AGE_15_19,"Percentage of adolescent girls aged 15-19 years who did not participate in school, work, or social activities during their last menstrual period",_T,Total,Y15T19,15 to 19 years old,_T,Total,_T,Total,"Percentage of adolescent girls aged 15-19 years who did not participate in school, work, or social activities during their last menstrual period. It is not a standard JMP/WASH estimator. It is not an annual estimate but estimate from a specific data source. Disaggregated by age.",,,PCNT,%,2021,22.4,WHO/UNICEF Joint Monitoring Programme (2023),,MICS,,,,,,,,
STP,Sao Tome and Principe,WS_PPL_M-NPART_AGE_15_19,"Percentage of adolescent girls aged 15-19 years who did not participate in school, work, or social activities during their last menstrual period",_T,Total,Y15T19,15 to 19 years old,_T,Total,_T,Total,"Percentage of adolescent girls aged 15-19 years who did not participate in school, work, or social activities during their last menstrual period. It is not a standard JMP/WASH estimator. It is not an annual estimate but estimate from a specific data source. Disaggregated by age.",,,PCNT,%,2019,16.9,WHO/UNICEF Joint Monitoring Programme (2023),,MICS,,,,,,,,
SLE,Sierra Leone,WS_PPL_M-NPART_AGE_15_19,"Percentage of adolescent girls aged 15-19 years who did not participate in school, work, or social activities during their last menstrual period",_T,Total,Y15T19,15 to 19 years old,_T,Total,_T,Total,"Percentage of adolescent girls aged 15-19 years who did not participate in school, work, or social activities during their last menstrual period. It is not a standard JMP/WASH estimator. It is not an annual estimate but estimate from a specific data source. Disaggregated by age.",,,PCNT,%,2017,23.3,WHO/UNICEF Joint Monitoring Programme (2023),,MICS,,,,,,,,
TGO,Togo,WS_PPL_M-NPART_AGE_15_19,"Percentage of adolescent girls aged 15-19 years who did not participate in school, work, or social activities during their last menstrual period",_T,Total,Y15T19,15 to 19 years old,_T,Total,_T,Total,"Percentage of adolescent girls aged 15-19 years who did not participate in school, work, or social activities during their last menstrual period. It is not a standard JMP/WASH estimator. It is not an annual estimate but estimate from a specific data source. Disaggregated by age.",,,PCNT,%,2017,16.1,WHO/UNICEF Joint Monitoring Programme (2023),,MICS,,,,,,,,
ZWE,Zimbabwe,WS_PPL_M-NPART_AGE_15_19,"Percentage of adolescent girls aged 15-19 years who did not participate in school, work, or social activities during their last menstrual period",_T,Total,Y15T19,15 to 19 years old,_T,Total,_T,Total,"Percentage of adolescent girls aged 15-19 years who did not participate in school, work, or social activities during their last menstrual period. It is not a standard JMP/WASH estimator. It is not an annual estimate but estimate from a specific data source. Disaggregated by age.",,,PCNT,%,2019,21.8,WHO/UNICEF Joint Monitoring Programme (2023),,MICS,,,,,,,,
