REF_AREA,Geographic area,INDICATOR,Indicator,TIME_PERIOD_METHOD,Time period activity related to when the data are collected,SERIES_FOOTNOTE,UNIT_MULTIPLIER,Unit multiplier,UNIT_MEASURE,Unit of measure,TIME_PERIOD,OBS_VALUE,SOWC_FLAG_A,SOWC flag A,FREQ_COLL,Time interval at which the source data are collected,OBS_FOOTNOTE,OBS_STATUS,Observation Status,OBS_CONF,Observation confidentaility,DATA_SOURCE
AGO,Angola,ECON_GVT_EXP_PTGDP,government expenditure (% GDP),,,,,,PCNT,%,2019,10.32928014,,,,,,,,,,World  Bank Development Indicators 
AGO,Angola,ECON_GVT_HLTH_EXP_PTEXP,government expenditure on health (% government budget),,,,,,PCNT,%,2018,5.42673731,,,,,,,,,,World  Bank Development Indicators 
AGO,Angola,ECON_GVT_HLTH_EXP_PTGDP,government expenditure on health (% GDP),,,,,,PCNT,%,2018,1.06878364,,,,,,,,,,World  Bank Development Indicators 
AGO,Angola,ECON_GVT_REV_PTGDP,government revenue (%GDP),,,,,,PCNT,%,2017,16.36059135,,,,,,,,,,World  Bank Development Indicators 
AGO,Angola,ECON_ODA_INFLOW_PTGNI,ODA inflow (%GNI),,,,,,PCNT,%,2019,0.060935262,,,,,,,,,,World  Bank Development Indicators 
AGO,Angola,ECON_ODA_INFLOW_USD,ODA inflow (USD),,,,,,USD,USD,2019,49.54000092,,,,,,,,,,World  Bank Development Indicators 
BDI,Burundi,ECON_GVT_EDU_EXP_PTEXP,government expenditure on education (% government budget),,,,,,PCNT,%,2018,19.91987038,,,,,,,,,,World  Bank Development Indicators 
BDI,Burundi,ECON_GVT_EDU_EXP_PTGDP,government expenditure on education (% GDP),,,,,,PCNT,%,2018,5.078649998,,,,,,,,,,World  Bank Development Indicators 
BDI,Burundi,ECON_GVT_EXP_PTGDP,government expenditure (% GDP),,,,,,PCNT,%,2019,27.63866828,,,,,,,,,,World  Bank Development Indicators 
BDI,Burundi,ECON_GVT_HLTH_EXP_PTEXP,government expenditure on health (% government budget),,,,,,PCNT,%,2018,8.52141476,,,,,,,,,,World  Bank Development Indicators 
BDI,Burundi,ECON_GVT_HLTH_EXP_PTGDP,government expenditure on health (% GDP),,,,,,PCNT,%,2018,1.90243125,,,,,,,,,,World  Bank Development Indicators 
BDI,Burundi,ECON_ODA_INFLOW_PTGNI,ODA inflow (%GNI),,,,,,PCNT,%,2019,19.50429893,,,,,,,,,,World  Bank Development Indicators 
BDI,Burundi,ECON_ODA_INFLOW_USD,ODA inflow (USD),,,,,,USD,USD,2019,588.9400024,,,,,,,,,,World  Bank Development Indicators 
BEN,Benin,ECON_GVT_EDU_EXP_PTEXP,government expenditure on education (% government budget),,,,,,PCNT,%,2018,17.70918083,,,,,,,,,,World  Bank Development Indicators 
BEN,Benin,ECON_GVT_EDU_EXP_PTGDP,government expenditure on education (% GDP),,,,,,PCNT,%,2018,2.933969975,,,,,,,,,,World  Bank Development Indicators 
BEN,Benin,ECON_GVT_EXP_PTGDP,government expenditure (% GDP),,,,,,PCNT,%,2019,10.34206324,,,,,,,,,,World  Bank Development Indicators 
BEN,Benin,ECON_GVT_HLTH_EXP_PTEXP,government expenditure on health (% government budget),,,,,,PCNT,%,2018,2.9630444,,,,,,,,,,World  Bank Development Indicators 
BEN,Benin,ECON_GVT_HLTH_EXP_PTGDP,government expenditure on health (% GDP),,,,,,PCNT,%,2018,0.49050966,,,,,,,,,,World  Bank Development Indicators 
BEN,Benin,ECON_ODA_INFLOW_PTGNI,ODA inflow (%GNI),,,,,,PCNT,%,2019,4.226855576,,,,,,,,,,World  Bank Development Indicators 
BEN,Benin,ECON_ODA_INFLOW_USD,ODA inflow (USD),,,,,,USD,USD,2019,602.210022,,,,,,,,,,World  Bank Development Indicators 
BFA,Burkina Faso,ECON_GVT_EDU_EXP_PTEXP,government expenditure on education (% government budget),,,,,,PCNT,%,2018,22.66116905,,,,,,,,,,World  Bank Development Indicators 
BFA,Burkina Faso,ECON_GVT_EDU_EXP_PTGDP,government expenditure on education (% GDP),,,,,,PCNT,%,2018,5.383790016,,,,,,,,,,World  Bank Development Indicators 
BFA,Burkina Faso,ECON_GVT_EXP_PTGDP,government expenditure (% GDP),,,,,,PCNT,%,2019,19.01860644,,,,,,,,,,World  Bank Development Indicators 
BFA,Burkina Faso,ECON_GVT_HLTH_EXP_PTEXP,government expenditure on health (% government budget),,,,,,PCNT,%,2018,8.78477192,,,,,,,,,,World  Bank Development Indicators 
BFA,Burkina Faso,ECON_GVT_HLTH_EXP_PTGDP,government expenditure on health (% GDP),,,,,,PCNT,%,2018,2.3925395,,,,,,,,,,World  Bank Development Indicators 
BFA,Burkina Faso,ECON_GVT_REV_PTGDP,government revenue (%GDP),,,,,,PCNT,%,2019,18.6554293,,,,,,,,,,World  Bank Development Indicators 
BFA,Burkina Faso,ECON_ODA_INFLOW_PTGNI,ODA inflow (%GNI),,,,,,PCNT,%,2019,7.495593389,,,,,,,,,,World  Bank Development Indicators 
BFA,Burkina Faso,ECON_ODA_INFLOW_USD,ODA inflow (USD),,,,,,USD,USD,2019,1148.810059,,,,,,,,,,World  Bank Development Indicators 
BWA,Botswana,ECON_GVT_EXP_PTGDP,government expenditure (% GDP),,,,,,PCNT,%,2019,18.42865015,,,,,,,,,,World  Bank Development Indicators 
BWA,Botswana,ECON_GVT_HLTH_EXP_PTEXP,government expenditure on health (% government budget),,,,,,PCNT,%,2018,14.31576443,,,,,,,,,,World  Bank Development Indicators 
BWA,Botswana,ECON_GVT_HLTH_EXP_PTGDP,government expenditure on health (% GDP),,,,,,PCNT,%,2018,4.53097391,,,,,,,,,,World  Bank Development Indicators 
BWA,Botswana,ECON_GVT_REV_PTGDP,government revenue (%GDP),,,,,,PCNT,%,2019,27.47653745,,,,,,,,,,World  Bank Development Indicators 
BWA,Botswana,ECON_ODA_INFLOW_PTGNI,ODA inflow (%GNI),,,,,,PCNT,%,2019,0.406325749,,,,,,,,,,World  Bank Development Indicators 
BWA,Botswana,ECON_ODA_INFLOW_USD,ODA inflow (USD),,,,,,USD,USD,2019,68.86000061,,,,,,,,,,World  Bank Development Indicators 
CAF,Central African Republic,ECON_GVT_EDU_EXP_PTEXP,government expenditure on education (% government budget),,,,,,PCNT,%,2011,7.825459957,,,,,,,,,,World  Bank Development Indicators 
CAF,Central African Republic,ECON_GVT_EDU_EXP_PTGDP,government expenditure on education (% GDP),,,,,,PCNT,%,2011,1.107920051,,,,,,,,,,World  Bank Development Indicators 
CAF,Central African Republic,ECON_GVT_EXP_PTGDP,government expenditure (% GDP),,,,,,PCNT,%,2019,14.9854307,,,,,,,,,,World  Bank Development Indicators 
CAF,Central African Republic,ECON_GVT_HLTH_EXP_PTEXP,government expenditure on health (% government budget),,,,,,PCNT,%,2018,4.23182249,,,,,,,,,,World  Bank Development Indicators 
CAF,Central African Republic,ECON_GVT_HLTH_EXP_PTGDP,government expenditure on health (% GDP),,,,,,PCNT,%,2018,0.68838823,,,,,,,,,,World  Bank Development Indicators 
CAF,Central African Republic,ECON_GVT_REV_PTGDP,government revenue (%GDP),,,,,,PCNT,%,2018,8.817987764,,,,,,,,,,World  Bank Development Indicators 
CAF,Central African Republic,ECON_ODA_INFLOW_PTGNI,ODA inflow (%GNI),,,,,,PCNT,%,2019,31.59440671,,,,,,,,,,World  Bank Development Indicators 
CAF,Central African Republic,ECON_ODA_INFLOW_USD,ODA inflow (USD),,,,,,USD,USD,2019,753.8499756,,,,,,,,,,World  Bank Development Indicators 
CMR,Cameroon,ECON_GVT_EDU_EXP_PTEXP,government expenditure on education (% government budget),,,,,,PCNT,%,2018,16.88315964,,,,,,,,,,World  Bank Development Indicators 
CMR,Cameroon,ECON_GVT_EDU_EXP_PTGDP,government expenditure on education (% GDP),,,,,,PCNT,%,2018,3.131200075,,,,,,,,,,World  Bank Development Indicators 
CMR,Cameroon,ECON_GVT_EXP_PTGDP,government expenditure (% GDP),,,,,,PCNT,%,2019,10.86084268,,,,,,,,,,World  Bank Development Indicators 
CMR,Cameroon,ECON_GVT_HLTH_EXP_PTEXP,government expenditure on health (% government budget),,,,,,PCNT,%,2018,1.13430619,,,,,,,,,,World  Bank Development Indicators 
CMR,Cameroon,ECON_GVT_HLTH_EXP_PTGDP,government expenditure on health (% GDP),,,,,,PCNT,%,2018,0.21037169,,,,,,,,,,World  Bank Development Indicators 
CMR,Cameroon,ECON_GVT_REV_PTGDP,government revenue (%GDP),,,,,,PCNT,%,2018,15.65157363,,,,,,,,,,World  Bank Development Indicators 
CMR,Cameroon,ECON_ODA_INFLOW_PTGNI,ODA inflow (%GNI),,,,,,PCNT,%,2019,3.489876977,,,,,,,,,,World  Bank Development Indicators 
CMR,Cameroon,ECON_ODA_INFLOW_USD,ODA inflow (USD),,,,,,USD,USD,2019,1335.219971,,,,,,,,,,World  Bank Development Indicators 
COD,Democratic Republic of the Congo,ECON_GVT_EDU_EXP_PTEXP,government expenditure on education (% government budget),,,,,,PCNT,%,2017,14.00642014,,,,,,,,,,World  Bank Development Indicators 
COD,Democratic Republic of the Congo,ECON_GVT_EDU_EXP_PTGDP,government expenditure on education (% GDP),,,,,,PCNT,%,2017,1.454949975,,,,,,,,,,World  Bank Development Indicators 
COD,Democratic Republic of the Congo,ECON_GVT_EXP_PTGDP,government expenditure (% GDP),,,,,,PCNT,%,2019,6.544999962,,,,,,,,,,World  Bank Development Indicators 
COD,Democratic Republic of the Congo,ECON_GVT_HLTH_EXP_PTEXP,government expenditure on health (% government budget),,,,,,PCNT,%,2018,4.45876265,,,,,,,,,,World  Bank Development Indicators 
COD,Democratic Republic of the Congo,ECON_GVT_HLTH_EXP_PTGDP,government expenditure on health (% GDP),,,,,,PCNT,%,2018,0.49770063,,,,,,,,,,World  Bank Development Indicators 
COD,Democratic Republic of the Congo,ECON_ODA_INFLOW_PTGNI,ODA inflow (%GNI),,,,,,PCNT,%,2019,6.179378405,,,,,,,,,,World  Bank Development Indicators 
COD,Democratic Republic of the Congo,ECON_ODA_INFLOW_USD,ODA inflow (USD),,,,,,USD,USD,2019,3025.530029,,,,,,,,,,World  Bank Development Indicators 
COG,Congo,ECON_GVT_EDU_EXP_PTEXP,government expenditure on education (% government budget),,,,,,PCNT,%,2018,15.56768036,,,,,,,,,,World  Bank Development Indicators 
COG,Congo,ECON_GVT_EDU_EXP_PTGDP,government expenditure on education (% GDP),,,,,,PCNT,%,2018,3.511049986,,,,,,,,,,World  Bank Development Indicators 
COG,Congo,ECON_GVT_EXP_PTGDP,government expenditure (% GDP),,,,,,PCNT,%,2019,12.22939507,,,,,,,,,,World  Bank Development Indicators 
COG,Congo,ECON_GVT_HLTH_EXP_PTEXP,government expenditure on health (% government budget),,,,,,PCNT,%,2018,3.48379326,,,,,,,,,,World  Bank Development Indicators 
COG,Congo,ECON_GVT_HLTH_EXP_PTGDP,government expenditure on health (% GDP),,,,,,PCNT,%,2018,0.78597683,,,,,,,,,,World  Bank Development Indicators 
COG,Congo,ECON_GVT_REV_PTGDP,government revenue (%GDP),,,,,,PCNT,%,2018,25.83122269,,,,,,,,,,World  Bank Development Indicators 
COG,Congo,ECON_ODA_INFLOW_PTGNI,ODA inflow (%GNI),,,,,,PCNT,%,2019,1.96408405,,,,,,,,,,World  Bank Development Indicators 
COG,Congo,ECON_ODA_INFLOW_USD,ODA inflow (USD),,,,,,USD,USD,2019,187.2700043,,,,,,,,,,World  Bank Development Indicators 
COM,Comoros,ECON_GVT_EDU_EXP_PTEXP,government expenditure on education (% government budget),,,,,,PCNT,%,2015,13.25364971,,,,,,,,,,World  Bank Development Indicators 
COM,Comoros,ECON_GVT_EDU_EXP_PTGDP,government expenditure on education (% GDP),,,,,,PCNT,%,2015,2.545059919,,,,,,,,,,World  Bank Development Indicators 
COM,Comoros,ECON_GVT_EXP_PTGDP,government expenditure (% GDP),,,,,,PCNT,%,2019,10.26242466,,,,,,,,,,World  Bank Development Indicators 
COM,Comoros,ECON_GVT_HLTH_EXP_PTEXP,government expenditure on health (% government budget),,,,,,PCNT,%,2018,2.59666514,,,,,,,,,,World  Bank Development Indicators 
COM,Comoros,ECON_GVT_HLTH_EXP_PTGDP,government expenditure on health (% GDP),,,,,,PCNT,%,2018,0.42495197,,,,,,,,,,World  Bank Development Indicators 
COM,Comoros,ECON_ODA_INFLOW_PTGNI,ODA inflow (%GNI),,,,,,PCNT,%,2019,6.681542157,,,,,,,,,,World  Bank Development Indicators 
COM,Comoros,ECON_ODA_INFLOW_USD,ODA inflow (USD),,,,,,USD,USD,2019,78.23999786,,,,,,,,,,World  Bank Development Indicators 
DJI,Djibouti,ECON_GVT_EDU_EXP_PTEXP,government expenditure on education (% government budget),,,,,,PCNT,%,2018,13.99153042,,,,,,,,,,World  Bank Development Indicators 
DJI,Djibouti,ECON_GVT_EDU_EXP_PTGDP,government expenditure on education (% GDP),,,,,,PCNT,%,2018,3.627739906,,,,,,,,,,World  Bank Development Indicators 
DJI,Djibouti,ECON_GVT_EXP_PTGDP,government expenditure (% GDP),,,,,,PCNT,%,2018,20.64625755,,,,,,,,,,World  Bank Development Indicators 
DJI,Djibouti,ECON_GVT_HLTH_EXP_PTEXP,government expenditure on health (% government budget),,,,,,PCNT,%,2018,4.31139421,,,,,,,,,,World  Bank Development Indicators 
DJI,Djibouti,ECON_GVT_HLTH_EXP_PTGDP,government expenditure on health (% GDP),,,,,,PCNT,%,2018,1.15207028,,,,,,,,,,World  Bank Development Indicators 
DJI,Djibouti,ECON_ODA_INFLOW_PTGNI,ODA inflow (%GNI),,,,,,PCNT,%,2019,8.433850867,,,,,,,,,,World  Bank Development Indicators 
DJI,Djibouti,ECON_ODA_INFLOW_USD,ODA inflow (USD),,,,,,USD,USD,2019,272.480011,,,,,,,,,,World  Bank Development Indicators 
DZA,Algeria,ECON_GVT_EXP_PTGDP,government expenditure (% GDP),,,,,,PCNT,%,2019,16.94609928,,,,,,,,,,World  Bank Development Indicators 
DZA,Algeria,ECON_GVT_HLTH_EXP_PTEXP,government expenditure on health (% government budget),,,,,,PCNT,%,2018,10.73443604,,,,,,,,,,World  Bank Development Indicators 
DZA,Algeria,ECON_GVT_HLTH_EXP_PTGDP,government expenditure on health (% GDP),,,,,,PCNT,%,2018,4.09385347,,,,,,,,,,World  Bank Development Indicators 
DZA,Algeria,ECON_ODA_INFLOW_PTGNI,ODA inflow (%GNI),,,,,,PCNT,%,2019,0.105290097,,,,,,,,,,World  Bank Development Indicators 
DZA,Algeria,ECON_ODA_INFLOW_USD,ODA inflow (USD),,,,,,USD,USD,2019,175.7200012,,,,,,,,,,World  Bank Development Indicators 
EGY,Egypt,ECON_GVT_EXP_PTGDP,government expenditure (% GDP),,,,,,PCNT,%,2019,7.660222084,,,,,,,,,,World  Bank Development Indicators 
EGY,Egypt,ECON_GVT_HLTH_EXP_PTEXP,government expenditure on health (% government budget),,,,,,PCNT,%,2018,4.72155714,,,,,,,,,,World  Bank Development Indicators 
EGY,Egypt,ECON_GVT_HLTH_EXP_PTGDP,government expenditure on health (% GDP),,,,,,PCNT,%,2018,1.42153192,,,,,,,,,,World  Bank Development Indicators 
EGY,Egypt,ECON_GVT_REV_PTGDP,government revenue (%GDP),,,,,,PCNT,%,2015,20.98862474,,,,,,,,,,World  Bank Development Indicators 
EGY,Egypt,ECON_ODA_INFLOW_PTGNI,ODA inflow (%GNI),,,,,,PCNT,%,2019,0.595923769,,,,,,,,,,World  Bank Development Indicators 
EGY,Egypt,ECON_ODA_INFLOW_USD,ODA inflow (USD),,,,,,USD,USD,2019,1740.589966,,,,,,,,,,World  Bank Development Indicators 
EGY,Egypt,ECON_SOC_PRO_EXP_PTEXP,government expenditure on social protection (% government budget),,,,,,PCNT,%,2015,29.0,,,,,,,,,,IMF Government Finance Statistics Database 
EGY,Egypt,ECON_SOC_PRO_EXP_PTGDP,government expenditure on social protection (% GDP),,,,,,PCNT,%,2015,9.4995499,,,,,,,,,,IMF Government Finance Statistics Database 
ERI,Eritrea,ECON_GVT_EXP_PTGDP,government expenditure (% GDP),,,,,,PCNT,%,2011,26.61699434,,,,,,,,,,World  Bank Development Indicators 
ERI,Eritrea,ECON_GVT_HLTH_EXP_PTEXP,government expenditure on health (% government budget),,,,,,PCNT,%,2018,2.3541069,,,,,,,,,,World  Bank Development Indicators 
ERI,Eritrea,ECON_GVT_HLTH_EXP_PTGDP,government expenditure on health (% GDP),,,,,,PCNT,%,2018,0.63723993,,,,,,,,,,World  Bank Development Indicators 
ERI,Eritrea,ECON_ODA_INFLOW_PTGNI,ODA inflow (%GNI),,,,,,PCNT,%,2011,6.535044522,,,,,,,,,,World  Bank Development Indicators 
ERI,Eritrea,ECON_ODA_INFLOW_USD,ODA inflow (USD),,,,,,USD,USD,2019,276.9299927,,,,,,,,,,World  Bank Development Indicators 
ETH,Ethiopia,ECON_GVT_EDU_EXP_PTEXP,government expenditure on education (% government budget),,,,,,PCNT,%,2015,27.09870911,,,,,,,,,,World  Bank Development Indicators 
ETH,Ethiopia,ECON_GVT_EDU_EXP_PTGDP,government expenditure on education (% GDP),,,,,,PCNT,%,2015,4.737919807,,,,,,,,,,World  Bank Development Indicators 
ETH,Ethiopia,ECON_GVT_EXP_PTGDP,government expenditure (% GDP),,,,,,PCNT,%,2019,9.193046848,,,,,,,,,,World  Bank Development Indicators 
ETH,Ethiopia,ECON_GVT_HLTH_EXP_PTEXP,government expenditure on health (% government budget),,,,,,PCNT,%,2018,4.7883606,,,,,,,,,,World  Bank Development Indicators 
ETH,Ethiopia,ECON_GVT_HLTH_EXP_PTGDP,government expenditure on health (% GDP),,,,,,PCNT,%,2018,0.7701149,,,,,,,,,,World  Bank Development Indicators 
ETH,Ethiopia,ECON_GVT_REV_PTGDP,government revenue (%GDP),,,,,,PCNT,%,2019,7.7882248,,,,,,,,,,World  Bank Development Indicators 
ETH,Ethiopia,ECON_ODA_INFLOW_PTGNI,ODA inflow (%GNI),,,,,,PCNT,%,2019,5.045970256,,,,,,,,,,World  Bank Development Indicators 
ETH,Ethiopia,ECON_ODA_INFLOW_USD,ODA inflow (USD),,,,,,USD,USD,2019,4809.970215,,,,,,,,,,World  Bank Development Indicators 
GAB,Gabon,ECON_GVT_EDU_EXP_PTEXP,government expenditure on education (% government budget),,,,,,PCNT,%,2014,11.22548962,,,,,,,,,,World  Bank Development Indicators 
GAB,Gabon,ECON_GVT_EDU_EXP_PTGDP,government expenditure on education (% GDP),,,,,,PCNT,%,2014,2.666670084,,,,,,,,,,World  Bank Development Indicators 
GAB,Gabon,ECON_GVT_EXP_PTGDP,government expenditure (% GDP),,,,,,PCNT,%,2019,10.99339673,,,,,,,,,,World  Bank Development Indicators 
GAB,Gabon,ECON_GVT_HLTH_EXP_PTEXP,government expenditure on health (% government budget),,,,,,PCNT,%,2018,9.41520691,,,,,,,,,,World  Bank Development Indicators 
GAB,Gabon,ECON_GVT_HLTH_EXP_PTGDP,government expenditure on health (% GDP),,,,,,PCNT,%,2018,1.60855591,,,,,,,,,,World  Bank Development Indicators 
GAB,Gabon,ECON_GVT_REV_PTGDP,government revenue (%GDP),,,,,,PCNT,%,2019,19.40729086,,,,,,,,,,World  Bank Development Indicators 
GAB,Gabon,ECON_ODA_INFLOW_PTGNI,ODA inflow (%GNI),,,,,,PCNT,%,2019,0.752427242,,,,,,,,,,World  Bank Development Indicators 
GAB,Gabon,ECON_ODA_INFLOW_USD,ODA inflow (USD),,,,,,USD,USD,2019,116.7099991,,,,,,,,,,World  Bank Development Indicators 
GHA,Ghana,ECON_GVT_EDU_EXP_PTEXP,government expenditure on education (% government budget),,,,,,PCNT,%,2018,18.59816933,,,,,,,,,,World  Bank Development Indicators 
GHA,Ghana,ECON_GVT_EDU_EXP_PTGDP,government expenditure on education (% GDP),,,,,,PCNT,%,2018,3.989439964,,,,,,,,,,World  Bank Development Indicators 
GHA,Ghana,ECON_GVT_EXP_PTGDP,government expenditure (% GDP),,,,,,PCNT,%,2019,8.880743392,,,,,,,,,,World  Bank Development Indicators 
GHA,Ghana,ECON_GVT_HLTH_EXP_PTEXP,government expenditure on health (% government budget),,,,,,PCNT,%,2018,6.41646242,,,,,,,,,,World  Bank Development Indicators 
GHA,Ghana,ECON_GVT_HLTH_EXP_PTGDP,government expenditure on health (% GDP),,,,,,PCNT,%,2018,1.37637711,,,,,,,,,,World  Bank Development Indicators 
GHA,Ghana,ECON_GVT_REV_PTGDP,government revenue (%GDP),,,,,,PCNT,%,2019,14.99182344,,,,,,,,,,World  Bank Development Indicators 
GHA,Ghana,ECON_ODA_INFLOW_PTGNI,ODA inflow (%GNI),,,,,,PCNT,%,2019,1.428900489,,,,,,,,,,World  Bank Development Indicators 
GHA,Ghana,ECON_ODA_INFLOW_USD,ODA inflow (USD),,,,,,USD,USD,2019,936.3200073,,,,,,,,,,World  Bank Development Indicators 
GIN,Guinea,ECON_GVT_EDU_EXP_PTEXP,government expenditure on education (% government budget),,,,,,PCNT,%,2018,14.87012005,,,,,,,,,,World  Bank Development Indicators 
GIN,Guinea,ECON_GVT_EDU_EXP_PTGDP,government expenditure on education (% GDP),,,,,,PCNT,%,2018,2.315939903,,,,,,,,,,World  Bank Development Indicators 
GIN,Guinea,ECON_GVT_EXP_PTGDP,government expenditure (% GDP),,,,,,PCNT,%,2019,14.81090789,,,,,,,,,,World  Bank Development Indicators 
GIN,Guinea,ECON_GVT_HLTH_EXP_PTEXP,government expenditure on health (% government budget),,,,,,PCNT,%,2018,4.11337852,,,,,,,,,,World  Bank Development Indicators 
GIN,Guinea,ECON_GVT_HLTH_EXP_PTGDP,government expenditure on health (% GDP),,,,,,PCNT,%,2018,0.6463778,,,,,,,,,,World  Bank Development Indicators 
GIN,Guinea,ECON_ODA_INFLOW_PTGNI,ODA inflow (%GNI),,,,,,PCNT,%,2019,4.767268009,,,,,,,,,,World  Bank Development Indicators 
GIN,Guinea,ECON_ODA_INFLOW_USD,ODA inflow (USD),,,,,,USD,USD,2019,580.6799927,,,,,,,,,,World  Bank Development Indicators 
GMB,Gambia,ECON_GVT_EDU_EXP_PTEXP,government expenditure on education (% government budget),,,,,,PCNT,%,2018,11.18826962,,,,,,,,,,World  Bank Development Indicators 
GMB,Gambia,ECON_GVT_EDU_EXP_PTGDP,government expenditure on education (% GDP),,,,,,PCNT,%,2018,2.420300007,,,,,,,,,,World  Bank Development Indicators 
GMB,Gambia,ECON_GVT_EXP_PTGDP,government expenditure (% GDP),,,,,,PCNT,%,2019,8.186615234,,,,,,,,,,World  Bank Development Indicators 
GMB,Gambia,ECON_GVT_HLTH_EXP_PTEXP,government expenditure on health (% government budget),,,,,,PCNT,%,2018,4.37553978,,,,,,,,,,World  Bank Development Indicators 
GMB,Gambia,ECON_GVT_HLTH_EXP_PTGDP,government expenditure on health (% GDP),,,,,,PCNT,%,2018,0.94653189,,,,,,,,,,World  Bank Development Indicators 
GMB,Gambia,ECON_ODA_INFLOW_PTGNI,ODA inflow (%GNI),,,,,,PCNT,%,2019,10.80432197,,,,,,,,,,World  Bank Development Indicators 
GMB,Gambia,ECON_ODA_INFLOW_USD,ODA inflow (USD),,,,,,USD,USD,2019,194.0399933,,,,,,,,,,World  Bank Development Indicators 
GNB,Guinea-Bissau,ECON_GVT_EDU_EXP_PTEXP,government expenditure on education (% government budget),,,,,,PCNT,%,2013,16.19137955,,,,,,,,,,World  Bank Development Indicators 
GNB,Guinea-Bissau,ECON_GVT_EDU_EXP_PTGDP,government expenditure on education (% GDP),,,,,,PCNT,%,2013,2.13248992,,,,,,,,,,World  Bank Development Indicators 
GNB,Guinea-Bissau,ECON_GVT_EXP_PTGDP,government expenditure (% GDP),,,,,,PCNT,%,2018,9.689179921,,,,,,,,,,World  Bank Development Indicators 
GNB,Guinea-Bissau,ECON_GVT_HLTH_EXP_PTEXP,government expenditure on health (% government budget),,,,,,PCNT,%,2018,3.02345538,,,,,,,,,,World  Bank Development Indicators 
GNB,Guinea-Bissau,ECON_GVT_HLTH_EXP_PTGDP,government expenditure on health (% GDP),,,,,,PCNT,%,2018,0.64091021,,,,,,,,,,World  Bank Development Indicators 
GNB,Guinea-Bissau,ECON_GVT_REV_PTGDP,government revenue (%GDP),,,,,,PCNT,%,2019,13.32121688,,,,,,,,,,World  Bank Development Indicators 
GNB,Guinea-Bissau,ECON_ODA_INFLOW_PTGNI,ODA inflow (%GNI),,,,,,PCNT,%,2019,8.390259429,,,,,,,,,,World  Bank Development Indicators 
GNB,Guinea-Bissau,ECON_ODA_INFLOW_USD,ODA inflow (USD),,,,,,USD,USD,2019,120.5100021,,,,,,,,,,World  Bank Development Indicators 
GNQ,Equatorial Guinea,ECON_GVT_EXP_PTGDP,government expenditure (% GDP),,,,,,PCNT,%,2019,26.04901519,,,,,,,,,,World  Bank Development Indicators 
GNQ,Equatorial Guinea,ECON_GVT_HLTH_EXP_PTEXP,government expenditure on health (% government budget),,,,,,PCNT,%,2018,3.22592735,,,,,,,,,,World  Bank Development Indicators 
GNQ,Equatorial Guinea,ECON_GVT_HLTH_EXP_PTGDP,government expenditure on health (% GDP),,,,,,PCNT,%,2018,0.59562802,,,,,,,,,,World  Bank Development Indicators 
GNQ,Equatorial Guinea,ECON_GVT_REV_PTGDP,government revenue (%GDP),,,,,,PCNT,%,2019,19.15766183,,,,,,,,,,World  Bank Development Indicators 
GNQ,Equatorial Guinea,ECON_ODA_INFLOW_PTGNI,ODA inflow (%GNI),,,,,,PCNT,%,2019,0.769155318,,,,,,,,,,World  Bank Development Indicators 
GNQ,Equatorial Guinea,ECON_ODA_INFLOW_USD,ODA inflow (USD),,,,,,USD,USD,2019,64.06999969,,,,,,,,,,World  Bank Development Indicators 
KEN,Kenya,ECON_GVT_EDU_EXP_PTEXP,government expenditure on education (% government budget),,,,,,PCNT,%,2018,19.10403061,,,,,,,,,,World  Bank Development Indicators 
KEN,Kenya,ECON_GVT_EDU_EXP_PTGDP,government expenditure on education (% GDP),,,,,,PCNT,%,2018,5.306250095,,,,,,,,,,World  Bank Development Indicators 
KEN,Kenya,ECON_GVT_EXP_PTGDP,government expenditure (% GDP),,,,,,PCNT,%,2019,13.05287279,,,,,,,,,,World  Bank Development Indicators 
KEN,Kenya,ECON_GVT_HLTH_EXP_PTEXP,government expenditure on health (% government budget),,,,,,PCNT,%,2018,8.5486517,,,,,,,,,,World  Bank Development Indicators 
KEN,Kenya,ECON_GVT_HLTH_EXP_PTGDP,government expenditure on health (% GDP),,,,,,PCNT,%,2018,2.17734981,,,,,,,,,,World  Bank Development Indicators 
KEN,Kenya,ECON_GVT_REV_PTGDP,government revenue (%GDP),,,,,,PCNT,%,2019,20.07298649,,,,,,,,,,World  Bank Development Indicators 
KEN,Kenya,ECON_ODA_INFLOW_PTGNI,ODA inflow (%GNI),,,,,,PCNT,%,2019,3.474073659,,,,,,,,,,World  Bank Development Indicators 
KEN,Kenya,ECON_ODA_INFLOW_USD,ODA inflow (USD),,,,,,USD,USD,2019,3250.969971,,,,,,,,,,World  Bank Development Indicators 
LBR,Liberia,ECON_GVT_EDU_EXP_PTEXP,government expenditure on education (% government budget),,,,,,PCNT,%,2018,8.062680244,,,,,,,,,,World  Bank Development Indicators 
LBR,Liberia,ECON_GVT_EDU_EXP_PTGDP,government expenditure on education (% GDP),,,,,,PCNT,%,2018,2.584120035,,,,,,,,,,World  Bank Development Indicators 
LBR,Liberia,ECON_GVT_EXP_PTGDP,government expenditure (% GDP),,,,,,PCNT,%,2019,19.68198136,,,,,,,,,,World  Bank Development Indicators 
LBR,Liberia,ECON_GVT_HLTH_EXP_PTEXP,government expenditure on health (% government budget),,,,,,PCNT,%,2018,5.23001003,,,,,,,,,,World  Bank Development Indicators 
LBR,Liberia,ECON_GVT_HLTH_EXP_PTGDP,government expenditure on health (% GDP),,,,,,PCNT,%,2018,1.69556665,,,,,,,,,,World  Bank Development Indicators 
LBR,Liberia,ECON_ODA_INFLOW_PTGNI,ODA inflow (%GNI),,,,,,PCNT,%,2019,21.97938541,,,,,,,,,,World  Bank Development Indicators 
LBR,Liberia,ECON_ODA_INFLOW_USD,ODA inflow (USD),,,,,,USD,USD,2019,597.3099976,,,,,,,,,,World  Bank Development Indicators 
LBY,Libya,ECON_GVT_HLTH_EXP_PTEXP,government expenditure on health (% government budget),,,,,,PCNT,%,2011,6.41958427,,,,,,,,,,World  Bank Development Indicators 
LBY,Libya,ECON_GVT_HLTH_EXP_PTGDP,government expenditure on health (% GDP),,,,,,PCNT,%,2011,3.82936382,,,,,,,,,,World  Bank Development Indicators 
LBY,Libya,ECON_ODA_INFLOW_PTGNI,ODA inflow (%GNI),,,,,,PCNT,%,2019,0.596055668,,,,,,,,,,World  Bank Development Indicators 
LBY,Libya,ECON_ODA_INFLOW_USD,ODA inflow (USD),,,,,,USD,USD,2019,316.0100098,,,,,,,,,,World  Bank Development Indicators 
LSO,Lesotho,ECON_GVT_EDU_EXP_PTEXP,government expenditure on education (% government budget),,,,,,PCNT,%,2018,13.89303017,,,,,,,,,,World  Bank Development Indicators 
LSO,Lesotho,ECON_GVT_EDU_EXP_PTGDP,government expenditure on education (% GDP),,,,,,PCNT,%,2018,6.985189915,,,,,,,,,,World  Bank Development Indicators 
LSO,Lesotho,ECON_GVT_EXP_PTGDP,government expenditure (% GDP),,,,,,PCNT,%,2019,39.6061677,,,,,,,,,,World  Bank Development Indicators 
LSO,Lesotho,ECON_GVT_HLTH_EXP_PTEXP,government expenditure on health (% government budget),,,,,,PCNT,%,2018,11.58207703,,,,,,,,,,World  Bank Development Indicators 
LSO,Lesotho,ECON_GVT_HLTH_EXP_PTGDP,government expenditure on health (% GDP),,,,,,PCNT,%,2018,5.39025688,,,,,,,,,,World  Bank Development Indicators 
LSO,Lesotho,ECON_GVT_REV_PTGDP,government revenue (%GDP),,,,,,PCNT,%,2019,37.01822484,,,,,,,,,,World  Bank Development Indicators 
LSO,Lesotho,ECON_ODA_INFLOW_PTGNI,ODA inflow (%GNI),,,,,,PCNT,%,2019,5.202906915,,,,,,,,,,World  Bank Development Indicators 
LSO,Lesotho,ECON_ODA_INFLOW_USD,ODA inflow (USD),,,,,,USD,USD,2019,145.9799957,,,,,,,,,,World  Bank Development Indicators 
MAR,Morocco,ECON_GVT_EXP_PTGDP,government expenditure (% GDP),,,,,,PCNT,%,2019,19.36872921,,,,,,,,,,World  Bank Development Indicators 
MAR,Morocco,ECON_GVT_HLTH_EXP_PTEXP,government expenditure on health (% government budget),,,,,,PCNT,%,2018,7.1744175,,,,,,,,,,World  Bank Development Indicators 
MAR,Morocco,ECON_GVT_HLTH_EXP_PTGDP,government expenditure on health (% GDP),,,,,,PCNT,%,2018,2.13520813,,,,,,,,,,World  Bank Development Indicators 
MAR,Morocco,ECON_GVT_REV_PTGDP,government revenue (%GDP),,,,,,PCNT,%,2019,25.50760713,,,,,,,,,,World  Bank Development Indicators 
MAR,Morocco,ECON_ODA_INFLOW_PTGNI,ODA inflow (%GNI),,,,,,PCNT,%,2019,0.645722797,,,,,,,,,,World  Bank Development Indicators 
MAR,Morocco,ECON_ODA_INFLOW_USD,ODA inflow (USD),,,,,,USD,USD,2019,757.8599854,,,,,,,,,,World  Bank Development Indicators 
MDG,Madagascar,ECON_GVT_EDU_EXP_PTEXP,government expenditure on education (% government budget),,,,,,PCNT,%,2018,19.81822014,,,,,,,,,,World  Bank Development Indicators 
MDG,Madagascar,ECON_GVT_EDU_EXP_PTGDP,government expenditure on education (% GDP),,,,,,PCNT,%,2018,2.825489998,,,,,,,,,,World  Bank Development Indicators 
MDG,Madagascar,ECON_GVT_EXP_PTGDP,government expenditure (% GDP),,,,,,PCNT,%,2019,14.25109145,,,,,,,,,,World  Bank Development Indicators 
MDG,Madagascar,ECON_GVT_HLTH_EXP_PTEXP,government expenditure on health (% government budget),,,,,,PCNT,%,2018,10.47829628,,,,,,,,,,World  Bank Development Indicators 
MDG,Madagascar,ECON_GVT_HLTH_EXP_PTGDP,government expenditure on health (% GDP),,,,,,PCNT,%,2018,1.71139181,,,,,,,,,,World  Bank Development Indicators 
MDG,Madagascar,ECON_GVT_REV_PTGDP,government revenue (%GDP),,,,,,PCNT,%,2019,11.55995963,,,,,,,,,,World  Bank Development Indicators 
MDG,Madagascar,ECON_ODA_INFLOW_PTGNI,ODA inflow (%GNI),,,,,,PCNT,%,2019,5.56161089,,,,,,,,,,World  Bank Development Indicators 
MDG,Madagascar,ECON_ODA_INFLOW_USD,ODA inflow (USD),,,,,,USD,USD,2019,756.1699829,,,,,,,,,,World  Bank Development Indicators 
MLI,Mali,ECON_GVT_EDU_EXP_PTEXP,government expenditure on education (% government budget),,,,,,PCNT,%,2017,16.53433037,,,,,,,,,,World  Bank Development Indicators 
MLI,Mali,ECON_GVT_EDU_EXP_PTGDP,government expenditure on education (% GDP),,,,,,PCNT,%,2017,3.787309885,,,,,,,,,,World  Bank Development Indicators 
MLI,Mali,ECON_GVT_EXP_PTGDP,government expenditure (% GDP),,,,,,PCNT,%,2019,15.74376023,,,,,,,,,,World  Bank Development Indicators 
MLI,Mali,ECON_GVT_HLTH_EXP_PTEXP,government expenditure on health (% government budget),,,,,,PCNT,%,2018,5.43063307,,,,,,,,,,World  Bank Development Indicators 
MLI,Mali,ECON_GVT_HLTH_EXP_PTGDP,government expenditure on health (% GDP),,,,,,PCNT,%,2018,1.09631753,,,,,,,,,,World  Bank Development Indicators 
MLI,Mali,ECON_GVT_REV_PTGDP,government revenue (%GDP),,,,,,PCNT,%,2019,15.43439988,,,,,,,,,,World  Bank Development Indicators 
MLI,Mali,ECON_ODA_INFLOW_PTGNI,ODA inflow (%GNI),,,,,,PCNT,%,2019,11.12201813,,,,,,,,,,World  Bank Development Indicators 
MLI,Mali,ECON_ODA_INFLOW_USD,ODA inflow (USD),,,,,,USD,USD,2019,1863.209961,,,,,,,,,,World  Bank Development Indicators 
MOZ,Mozambique,ECON_GVT_EDU_EXP_PTEXP,government expenditure on education (% government budget),,,,,,PCNT,%,2018,17.88060951,,,,,,,,,,World  Bank Development Indicators 
MOZ,Mozambique,ECON_GVT_EDU_EXP_PTGDP,government expenditure on education (% GDP),,,,,,PCNT,%,2018,5.499849796,,,,,,,,,,World  Bank Development Indicators 
MOZ,Mozambique,ECON_GVT_EXP_PTGDP,government expenditure (% GDP),,,,,,PCNT,%,2019,21.67153428,,,,,,,,,,World  Bank Development Indicators 
MOZ,Mozambique,ECON_GVT_HLTH_EXP_PTEXP,government expenditure on health (% government budget),,,,,,PCNT,%,2018,5.55443811,,,,,,,,,,World  Bank Development Indicators 
MOZ,Mozambique,ECON_GVT_HLTH_EXP_PTGDP,government expenditure on health (% GDP),,,,,,PCNT,%,2018,1.73058236,,,,,,,,,,World  Bank Development Indicators 
MOZ,Mozambique,ECON_GVT_REV_PTGDP,government revenue (%GDP),,,,,,PCNT,%,2019,28.91875338,,,,,,,,,,World  Bank Development Indicators 
MOZ,Mozambique,ECON_ODA_INFLOW_PTGNI,ODA inflow (%GNI),,,,,,PCNT,%,2019,12.72236527,,,,,,,,,,World  Bank Development Indicators 
MOZ,Mozambique,ECON_ODA_INFLOW_USD,ODA inflow (USD),,,,,,USD,USD,2019,1907.780029,,,,,,,,,,World  Bank Development Indicators 
MRT,Mauritania,ECON_GVT_EDU_EXP_PTEXP,government expenditure on education (% government budget),,,,,,PCNT,%,2019,9.545490265,,,,,,,,,,World  Bank Development Indicators 
MRT,Mauritania,ECON_GVT_EDU_EXP_PTGDP,government expenditure on education (% GDP),,,,,,PCNT,%,2019,1.89546001,,,,,,,,,,World  Bank Development Indicators 
MRT,Mauritania,ECON_GVT_EXP_PTGDP,government expenditure (% GDP),,,,,,PCNT,%,2019,12.84587537,,,,,,,,,,World  Bank Development Indicators 
MRT,Mauritania,ECON_GVT_HLTH_EXP_PTEXP,government expenditure on health (% government budget),,,,,,PCNT,%,2018,6.06559992,,,,,,,,,,World  Bank Development Indicators 
MRT,Mauritania,ECON_GVT_HLTH_EXP_PTGDP,government expenditure on health (% GDP),,,,,,PCNT,%,2018,1.64334965,,,,,,,,,,World  Bank Development Indicators 
MRT,Mauritania,ECON_ODA_INFLOW_PTGNI,ODA inflow (%GNI),,,,,,PCNT,%,2019,5.49248916,,,,,,,,,,World  Bank Development Indicators 
MRT,Mauritania,ECON_ODA_INFLOW_USD,ODA inflow (USD),,,,,,USD,USD,2019,412.1799927,,,,,,,,,,World  Bank Development Indicators 
MUS,Mauritius,ECON_GVT_EDU_EXP_PTEXP,government expenditure on education (% government budget),,,,,,PCNT,%,2019,18.67692947,,,,,,,,,,World  Bank Development Indicators 
MUS,Mauritius,ECON_GVT_EDU_EXP_PTGDP,government expenditure on education (% GDP),,,,,,PCNT,%,2019,4.719349861,,,,,,,,,,World  Bank Development Indicators 
MUS,Mauritius,ECON_GVT_EXP_PTGDP,government expenditure (% GDP),,,,,,PCNT,%,2019,15.3210514,,,,,,,,,,World  Bank Development Indicators 
MUS,Mauritius,ECON_GVT_HLTH_EXP_PTEXP,government expenditure on health (% government budget),,,,,,PCNT,%,2018,9.96849728,,,,,,,,,,World  Bank Development Indicators 
MUS,Mauritius,ECON_GVT_HLTH_EXP_PTGDP,government expenditure on health (% GDP),,,,,,PCNT,%,2018,2.51386142,,,,,,,,,,World  Bank Development Indicators 
MUS,Mauritius,ECON_GVT_REV_PTGDP,government revenue (%GDP),,,,,,PCNT,%,2019,22.95687704,,,,,,,,,,World  Bank Development Indicators 
MUS,Mauritius,ECON_ODA_INFLOW_PTGNI,ODA inflow (%GNI),,,,,,PCNT,%,2019,0.14046729,,,,,,,,,,World  Bank Development Indicators 
MUS,Mauritius,ECON_ODA_INFLOW_USD,ODA inflow (USD),,,,,,USD,USD,2019,22.18000031,,,,,,,,,,World  Bank Development Indicators 
MUS,Mauritius,ECON_SOC_PRO_EXP_PTEXP,government expenditure on social protection (% government budget),,,,,,PCNT,%,2019,26.46854229,,,,,,,,,,IMF Government Finance Statistics Database 
MUS,Mauritius,ECON_SOC_PRO_EXP_PTGDP,government expenditure on social protection (% GDP),,,,,,PCNT,%,2019,6.825109973,,,,,,,,,,IMF Government Finance Statistics Database 
MWI,Malawi,ECON_GVT_EDU_EXP_PTEXP,government expenditure on education (% government budget),,,,,,PCNT,%,2018,15.7802,,,,,,,,,,World  Bank Development Indicators 
MWI,Malawi,ECON_GVT_EDU_EXP_PTGDP,government expenditure on education (% GDP),,,,,,PCNT,%,2018,4.714839935,,,,,,,,,,World  Bank Development Indicators 
MWI,Malawi,ECON_GVT_EXP_PTGDP,government expenditure (% GDP),,,,,,PCNT,%,2019,13.90670912,,,,,,,,,,World  Bank Development Indicators 
MWI,Malawi,ECON_GVT_HLTH_EXP_PTEXP,government expenditure on health (% government budget),,,,,,PCNT,%,2018,9.77548409,,,,,,,,,,World  Bank Development Indicators 
MWI,Malawi,ECON_GVT_HLTH_EXP_PTGDP,government expenditure on health (% GDP),,,,,,PCNT,%,2018,2.69569468,,,,,,,,,,World  Bank Development Indicators 
MWI,Malawi,ECON_GVT_REV_PTGDP,government revenue (%GDP),,,,,,PCNT,%,2019,17.895153,,,,,,,,,,World  Bank Development Indicators 
MWI,Malawi,ECON_ODA_INFLOW_PTGNI,ODA inflow (%GNI),,,,,,PCNT,%,2019,16.11499251,,,,,,,,,,World  Bank Development Indicators 
MWI,Malawi,ECON_ODA_INFLOW_USD,ODA inflow (USD),,,,,,USD,USD,2019,1206.219971,,,,,,,,,,World  Bank Development Indicators 
NAM,Namibia,ECON_GVT_EXP_PTGDP,government expenditure (% GDP),,,,,,PCNT,%,2019,25.91279421,,,,,,,,,,World  Bank Development Indicators 
NAM,Namibia,ECON_GVT_HLTH_EXP_PTEXP,government expenditure on health (% government budget),,,,,,PCNT,%,2018,10.65234089,,,,,,,,,,World  Bank Development Indicators 
NAM,Namibia,ECON_GVT_HLTH_EXP_PTGDP,government expenditure on health (% GDP),,,,,,PCNT,%,2018,3.66205049,,,,,,,,,,World  Bank Development Indicators 
NAM,Namibia,ECON_GVT_REV_PTGDP,government revenue (%GDP),,,,,,PCNT,%,2018,34.14225102,,,,,,,,,,World  Bank Development Indicators 
NAM,Namibia,ECON_ODA_INFLOW_PTGNI,ODA inflow (%GNI),,,,,,PCNT,%,2019,1.234833863,,,,,,,,,,World  Bank Development Indicators 
NAM,Namibia,ECON_ODA_INFLOW_USD,ODA inflow (USD),,,,,,USD,USD,2019,148.4100037,,,,,,,,,,World  Bank Development Indicators 
NER,Niger,ECON_GVT_EDU_EXP_PTEXP,government expenditure on education (% government budget),,,,,,PCNT,%,2018,16.7811203,,,,,,,,,,World  Bank Development Indicators 
NER,Niger,ECON_GVT_EDU_EXP_PTGDP,government expenditure on education (% GDP),,,,,,PCNT,%,2018,3.547209978,,,,,,,,,,World  Bank Development Indicators 
NER,Niger,ECON_GVT_EXP_PTGDP,government expenditure (% GDP),,,,,,PCNT,%,2019,17.2370468,,,,,,,,,,World  Bank Development Indicators 
NER,Niger,ECON_GVT_HLTH_EXP_PTEXP,government expenditure on health (% government budget),,,,,,PCNT,%,2018,8.35071278,,,,,,,,,,World  Bank Development Indicators 
NER,Niger,ECON_GVT_HLTH_EXP_PTGDP,government expenditure on health (% GDP),,,,,,PCNT,%,2018,2.43483281,,,,,,,,,,World  Bank Development Indicators 
NER,Niger,ECON_ODA_INFLOW_PTGNI,ODA inflow (%GNI),,,,,,PCNT,%,2019,11.05663375,,,,,,,,,,World  Bank Development Indicators 
NER,Niger,ECON_ODA_INFLOW_USD,ODA inflow (USD),,,,,,USD,USD,2019,1490.349976,,,,,,,,,,World  Bank Development Indicators 
NGA,Nigeria,ECON_GVT_EXP_PTGDP,government expenditure (% GDP),,,,,,PCNT,%,2019,5.888083885,,,,,,,,,,World  Bank Development Indicators 
NGA,Nigeria,ECON_GVT_HLTH_EXP_PTEXP,government expenditure on health (% government budget),,,,,,PCNT,%,2018,4.43586874,,,,,,,,,,World  Bank Development Indicators 
NGA,Nigeria,ECON_GVT_HLTH_EXP_PTGDP,government expenditure on health (% GDP),,,,,,PCNT,%,2018,0.57829392,,,,,,,,,,World  Bank Development Indicators 
NGA,Nigeria,ECON_ODA_INFLOW_PTGNI,ODA inflow (%GNI),,,,,,PCNT,%,2019,0.811471776,,,,,,,,,,World  Bank Development Indicators 
NGA,Nigeria,ECON_ODA_INFLOW_USD,ODA inflow (USD),,,,,,USD,USD,2019,3517.320068,,,,,,,,,,World  Bank Development Indicators 
RWA,Rwanda,ECON_GVT_EDU_EXP_PTEXP,government expenditure on education (% government budget),,,,,,PCNT,%,2018,10.80461025,,,,,,,,,,World  Bank Development Indicators 
RWA,Rwanda,ECON_GVT_EDU_EXP_PTGDP,government expenditure on education (% GDP),,,,,,PCNT,%,2018,3.073750019,,,,,,,,,,World  Bank Development Indicators 
RWA,Rwanda,ECON_GVT_EXP_PTGDP,government expenditure (% GDP),,,,,,PCNT,%,2019,15.80100776,,,,,,,,,,World  Bank Development Indicators 
RWA,Rwanda,ECON_GVT_HLTH_EXP_PTEXP,government expenditure on health (% government budget),,,,,,PCNT,%,2018,8.88277245,,,,,,,,,,World  Bank Development Indicators 
RWA,Rwanda,ECON_GVT_HLTH_EXP_PTGDP,government expenditure on health (% GDP),,,,,,PCNT,%,2018,2.3743403,,,,,,,,,,World  Bank Development Indicators 
RWA,Rwanda,ECON_GVT_REV_PTGDP,government revenue (%GDP),,,,,,PCNT,%,2019,20.72834214,,,,,,,,,,World  Bank Development Indicators 
RWA,Rwanda,ECON_ODA_INFLOW_PTGNI,ODA inflow (%GNI),,,,,,PCNT,%,2019,11.89654865,,,,,,,,,,World  Bank Development Indicators 
RWA,Rwanda,ECON_ODA_INFLOW_USD,ODA inflow (USD),,,,,,USD,USD,2019,1191.099976,,,,,,,,,,World  Bank Development Indicators 
SDN,Sudan,ECON_GVT_EXP_PTGDP,government expenditure (% GDP),,,,,,PCNT,%,2019,3.637864266,,,,,,,,,,World  Bank Development Indicators 
SDN,Sudan,ECON_GVT_HLTH_EXP_PTEXP,government expenditure on health (% government budget),,,,,,PCNT,%,2018,6.81272984,,,,,,,,,,World  Bank Development Indicators 
SDN,Sudan,ECON_GVT_HLTH_EXP_PTGDP,government expenditure on health (% GDP),,,,,,PCNT,%,2018,1.03099167,,,,,,,,,,World  Bank Development Indicators 
SDN,Sudan,ECON_GVT_REV_PTGDP,government revenue (%GDP),,,,,,PCNT,%,2016,9.452271728,,,,,,,,,,World  Bank Development Indicators 
SDN,Sudan,ECON_ODA_INFLOW_PTGNI,ODA inflow (%GNI),,,,,,PCNT,%,2019,5.623123935,,,,,,,,,,World  Bank Development Indicators 
SDN,Sudan,ECON_ODA_INFLOW_USD,ODA inflow (USD),,,,,,USD,USD,2019,1624.670044,,,,,,,,,,World  Bank Development Indicators 
SEN,Senegal,ECON_GVT_EDU_EXP_PTEXP,government expenditure on education (% government budget),,,,,,PCNT,%,2018,21.52940941,,,,,,,,,,World  Bank Development Indicators 
SEN,Senegal,ECON_GVT_EDU_EXP_PTGDP,government expenditure on education (% GDP),,,,,,PCNT,%,2018,4.833280087,,,,,,,,,,World  Bank Development Indicators 
SEN,Senegal,ECON_GVT_EXP_PTGDP,government expenditure (% GDP),,,,,,PCNT,%,2019,13.63249677,,,,,,,,,,World  Bank Development Indicators 
SEN,Senegal,ECON_GVT_HLTH_EXP_PTEXP,government expenditure on health (% government budget),,,,,,PCNT,%,2018,4.25805283,,,,,,,,,,World  Bank Development Indicators 
SEN,Senegal,ECON_GVT_HLTH_EXP_PTGDP,government expenditure on health (% GDP),,,,,,PCNT,%,2018,0.94568121,,,,,,,,,,World  Bank Development Indicators 
SEN,Senegal,ECON_GVT_REV_PTGDP,government revenue (%GDP),,,,,,PCNT,%,2018,19.67007819,,,,,,,,,,World  Bank Development Indicators 
SEN,Senegal,ECON_ODA_INFLOW_PTGNI,ODA inflow (%GNI),,,,,,PCNT,%,2019,6.25485408,,,,,,,,,,World  Bank Development Indicators 
SEN,Senegal,ECON_ODA_INFLOW_USD,ODA inflow (USD),,,,,,USD,USD,2019,1443.880005,,,,,,,,,,World  Bank Development Indicators 
SLE,Sierra Leone,ECON_GVT_EDU_EXP_PTEXP,government expenditure on education (% government budget),,,,,,PCNT,%,2019,33.8590889,,,,,,,,,,World  Bank Development Indicators 
SLE,Sierra Leone,ECON_GVT_EDU_EXP_PTGDP,government expenditure on education (% GDP),,,,,,PCNT,%,2019,7.702280045,,,,,,,,,,World  Bank Development Indicators 
SLE,Sierra Leone,ECON_GVT_EXP_PTGDP,government expenditure (% GDP),,,,,,PCNT,%,2019,8.37407357,,,,,,,,,,World  Bank Development Indicators 
SLE,Sierra Leone,ECON_GVT_HLTH_EXP_PTEXP,government expenditure on health (% government budget),,,,,,PCNT,%,2018,7.24886274,,,,,,,,,,World  Bank Development Indicators 
SLE,Sierra Leone,ECON_GVT_HLTH_EXP_PTGDP,government expenditure on health (% GDP),,,,,,PCNT,%,2018,1.56026566,,,,,,,,,,World  Bank Development Indicators 
SLE,Sierra Leone,ECON_ODA_INFLOW_PTGNI,ODA inflow (%GNI),,,,,,PCNT,%,2019,14.6091218,,,,,,,,,,World  Bank Development Indicators 
SLE,Sierra Leone,ECON_ODA_INFLOW_USD,ODA inflow (USD),,,,,,USD,USD,2019,594.6400146,,,,,,,,,,World  Bank Development Indicators 
SOM,Somalia,ECON_GVT_EXP_PTGDP,government expenditure (% GDP),,,,,,PCNT,%,2019,11.94221771,,,,,,,,,,World  Bank Development Indicators 
SOM,Somalia,ECON_GVT_REV_PTGDP,government revenue (%GDP),,,,,,PCNT,%,2019,0.000185615,,,,,,,,,,World  Bank Development Indicators 
SOM,Somalia,ECON_ODA_INFLOW_USD,ODA inflow (USD),,,,,,USD,USD,2019,1865.579956,,,,,,,,,,World  Bank Development Indicators 
SOM,Somalia,ECON_SOC_PRO_EXP_PTEXP,government expenditure on social protection (% government budget),,,,,,PCNT,%,2018,0.395270986,,,,,,,,,,IMF Government Finance Statistics Database 
SOM,Somalia,ECON_SOC_PRO_EXP_PTGDP,government expenditure on social protection (% GDP),,,,,,PCNT,%,2018,0.03040953,,,,,,,,,,IMF Government Finance Statistics Database 
SSD,South Sudan,ECON_GVT_EDU_EXP_PTEXP,government expenditure on education (% government budget),,,,,,PCNT,%,2018,0.875440001,,,,,,,,,,World  Bank Development Indicators 
SSD,South Sudan,ECON_GVT_EDU_EXP_PTGDP,government expenditure on education (% GDP),,,,,,PCNT,%,2016,1.543900013,,,,,,,,,,World  Bank Development Indicators 
SSD,South Sudan,ECON_GVT_EXP_PTGDP,government expenditure (% GDP),,,,,,PCNT,%,2015,7.329147349,,,,,,,,,,World  Bank Development Indicators 
SSD,South Sudan,ECON_GVT_HLTH_EXP_PTEXP,government expenditure on health (% government budget),,,,,,PCNT,%,2018,2.10620522,,,,,,,,,,World  Bank Development Indicators 
SSD,South Sudan,ECON_GVT_HLTH_EXP_PTGDP,government expenditure on health (% GDP),,,,,,PCNT,%,2018,0.68977404,,,,,,,,,,World  Bank Development Indicators 
SSD,South Sudan,ECON_ODA_INFLOW_PTGNI,ODA inflow (%GNI),,,,,,PCNT,%,2015,15.91619944,,,,,,,,,,World  Bank Development Indicators 
SSD,South Sudan,ECON_ODA_INFLOW_USD,ODA inflow (USD),,,,,,USD,USD,2019,1885.27002,,,,,,,,,,World  Bank Development Indicators 
STP,Sao Tome and Principe,ECON_GVT_EDU_EXP_PTEXP,government expenditure on education (% government budget),,,,,,PCNT,%,2018,20.11654091,,,,,,,,,,World  Bank Development Indicators 
STP,Sao Tome and Principe,ECON_GVT_EDU_EXP_PTGDP,government expenditure on education (% GDP),,,,,,PCNT,%,2018,5.149069786,,,,,,,,,,World  Bank Development Indicators 
STP,Sao Tome and Principe,ECON_GVT_HLTH_EXP_PTEXP,government expenditure on health (% government budget),,,,,,PCNT,%,2018,10.76263237,,,,,,,,,,World  Bank Development Indicators 
STP,Sao Tome and Principe,ECON_GVT_HLTH_EXP_PTGDP,government expenditure on health (% GDP),,,,,,PCNT,%,2018,2.75483108,,,,,,,,,,World  Bank Development Indicators 
STP,Sao Tome and Principe,ECON_ODA_INFLOW_PTGNI,ODA inflow (%GNI),,,,,,PCNT,%,2019,12.32112287,,,,,,,,,,World  Bank Development Indicators 
STP,Sao Tome and Principe,ECON_ODA_INFLOW_USD,ODA inflow (USD),,,,,,USD,USD,2019,51.36999893,,,,,,,,,,World  Bank Development Indicators 
SYC,Seychelles,ECON_GVT_EDU_EXP_PTEXP,government expenditure on education (% government budget),,,,,,PCNT,%,2016,11.72342968,,,,,,,,,,World  Bank Development Indicators 
SYC,Seychelles,ECON_GVT_EDU_EXP_PTGDP,government expenditure on education (% GDP),,,,,,PCNT,%,2016,4.421020031,,,,,,,,,,World  Bank Development Indicators 
SYC,Seychelles,ECON_GVT_EXP_PTGDP,government expenditure (% GDP),,,,,,PCNT,%,2019,21.42497859,,,,,,,,,,World  Bank Development Indicators 
SYC,Seychelles,ECON_GVT_HLTH_EXP_PTEXP,government expenditure on health (% government budget),,,,,,PCNT,%,2018,10.17943954,,,,,,,,,,World  Bank Development Indicators 
SYC,Seychelles,ECON_GVT_HLTH_EXP_PTGDP,government expenditure on health (% GDP),,,,,,PCNT,%,2018,3.80567455,,,,,,,,,,World  Bank Development Indicators 
SYC,Seychelles,ECON_GVT_REV_PTGDP,government revenue (%GDP),,,,,,PCNT,%,2018,37.72758444,,,,,,,,,,World  Bank Development Indicators 
SYC,Seychelles,ECON_ODA_INFLOW_PTGNI,ODA inflow (%GNI),,,,,,PCNT,%,2017,1.147674552,,,,,,,,,,World  Bank Development Indicators 
SYC,Seychelles,ECON_ODA_INFLOW_USD,ODA inflow (USD),,,,,,USD,USD,2017,16.20000076,,,,,,,,,,World  Bank Development Indicators 
SYC,Seychelles,ECON_SOC_PRO_EXP_PTEXP,government expenditure on social protection (% government budget),,,,,,PCNT,%,2018,16.86445931,,,,,,,,,,IMF Government Finance Statistics Database 
SYC,Seychelles,ECON_SOC_PRO_EXP_PTGDP,government expenditure on social protection (% GDP),,,,,,PCNT,%,2018,6.414926539,,,,,,,,,,IMF Government Finance Statistics Database 
TCD,Chad,ECON_GVT_EDU_EXP_PTEXP,government expenditure on education (% government budget),,,,,,PCNT,%,2017,16.3627491,,,,,,,,,,World  Bank Development Indicators 
TCD,Chad,ECON_GVT_EDU_EXP_PTGDP,government expenditure on education (% GDP),,,,,,PCNT,%,2017,2.454819918,,,,,,,,,,World  Bank Development Indicators 
TCD,Chad,ECON_GVT_EXP_PTGDP,government expenditure (% GDP),,,,,,PCNT,%,2019,3.587512578,,,,,,,,,,World  Bank Development Indicators 
TCD,Chad,ECON_GVT_HLTH_EXP_PTEXP,government expenditure on health (% government budget),,,,,,PCNT,%,2018,5.22710848,,,,,,,,,,World  Bank Development Indicators 
TCD,Chad,ECON_GVT_HLTH_EXP_PTGDP,government expenditure on health (% GDP),,,,,,PCNT,%,2018,0.69685549,,,,,,,,,,World  Bank Development Indicators 
TCD,Chad,ECON_ODA_INFLOW_PTGNI,ODA inflow (%GNI),,,,,,PCNT,%,2019,6.346378933,,,,,,,,,,World  Bank Development Indicators 
TCD,Chad,ECON_ODA_INFLOW_USD,ODA inflow (USD),,,,,,USD,USD,2019,707.0499878,,,,,,,,,,World  Bank Development Indicators 
TGO,Togo,ECON_GVT_EDU_EXP_PTEXP,government expenditure on education (% government budget),,,,,,PCNT,%,2018,21.76909065,,,,,,,,,,World  Bank Development Indicators 
TGO,Togo,ECON_GVT_EDU_EXP_PTGDP,government expenditure on education (% GDP),,,,,,PCNT,%,2018,5.369569778,,,,,,,,,,World  Bank Development Indicators 
TGO,Togo,ECON_GVT_EXP_PTGDP,government expenditure (% GDP),,,,,,PCNT,%,2019,15.98858621,,,,,,,,,,World  Bank Development Indicators 
TGO,Togo,ECON_GVT_HLTH_EXP_PTEXP,government expenditure on health (% government budget),,,,,,PCNT,%,2018,4.25943756,,,,,,,,,,World  Bank Development Indicators 
TGO,Togo,ECON_GVT_HLTH_EXP_PTGDP,government expenditure on health (% GDP),,,,,,PCNT,%,2018,1.05069971,,,,,,,,,,World  Bank Development Indicators 
TGO,Togo,ECON_GVT_REV_PTGDP,government revenue (%GDP),,,,,,PCNT,%,2019,19.41340615,,,,,,,,,,World  Bank Development Indicators 
TGO,Togo,ECON_ODA_INFLOW_PTGNI,ODA inflow (%GNI),,,,,,PCNT,%,2019,7.469107368,,,,,,,,,,World  Bank Development Indicators 
TGO,Togo,ECON_ODA_INFLOW_USD,ODA inflow (USD),,,,,,USD,USD,2019,411.6199951,,,,,,,,,,World  Bank Development Indicators 
TUN,Tunisia,ECON_GVT_EDU_EXP_PTEXP,government expenditure on education (% government budget),,,,,,PCNT,%,2015,22.62495041,,,,,,,,,,World  Bank Development Indicators 
TUN,Tunisia,ECON_GVT_EDU_EXP_PTGDP,government expenditure on education (% GDP),,,,,,PCNT,%,2015,6.596010208,,,,,,,,,,World  Bank Development Indicators 
TUN,Tunisia,ECON_GVT_EXP_PTGDP,government expenditure (% GDP),,,,,,PCNT,%,2019,20.51965392,,,,,,,,,,World  Bank Development Indicators 
TUN,Tunisia,ECON_GVT_HLTH_EXP_PTEXP,government expenditure on health (% government budget),,,,,,PCNT,%,2018,13.63299656,,,,,,,,,,World  Bank Development Indicators 
TUN,Tunisia,ECON_GVT_HLTH_EXP_PTGDP,government expenditure on health (% GDP),,,,,,PCNT,%,2018,4.18335724,,,,,,,,,,World  Bank Development Indicators 
TUN,Tunisia,ECON_GVT_REV_PTGDP,government revenue (%GDP),,,,,,PCNT,%,2012,31.37984263,,,,,,,,,,World  Bank Development Indicators 
TUN,Tunisia,ECON_ODA_INFLOW_PTGNI,ODA inflow (%GNI),,,,,,PCNT,%,2019,2.625561788,,,,,,,,,,World  Bank Development Indicators 
TUN,Tunisia,ECON_ODA_INFLOW_USD,ODA inflow (USD),,,,,,USD,USD,2019,984.0300293,,,,,,,,,,World  Bank Development Indicators 
UGA,Uganda,ECON_GVT_EDU_EXP_PTEXP,government expenditure on education (% government budget),,,,,,PCNT,%,2018,10.91701031,,,,,,,,,,World  Bank Development Indicators 
UGA,Uganda,ECON_GVT_EDU_EXP_PTGDP,government expenditure on education (% GDP),,,,,,PCNT,%,2018,2.130520105,,,,,,,,,,World  Bank Development Indicators 
UGA,Uganda,ECON_GVT_EXP_PTGDP,government expenditure (% GDP),,,,,,PCNT,%,2019,8.820223818,,,,,,,,,,World  Bank Development Indicators 
UGA,Uganda,ECON_GVT_HLTH_EXP_PTEXP,government expenditure on health (% government budget),,,,,,PCNT,%,2018,5.13531923,,,,,,,,,,World  Bank Development Indicators 
UGA,Uganda,ECON_GVT_HLTH_EXP_PTGDP,government expenditure on health (% GDP),,,,,,PCNT,%,2018,1.03315341,,,,,,,,,,World  Bank Development Indicators 
UGA,Uganda,ECON_GVT_REV_PTGDP,government revenue (%GDP),,,,,,PCNT,%,2019,13.16385594,,,,,,,,,,World  Bank Development Indicators 
UGA,Uganda,ECON_ODA_INFLOW_PTGNI,ODA inflow (%GNI),,,,,,PCNT,%,2019,6.131556805,,,,,,,,,,World  Bank Development Indicators 
UGA,Uganda,ECON_ODA_INFLOW_USD,ODA inflow (USD),,,,,,USD,USD,2019,2100.01001,,,,,,,,,,World  Bank Development Indicators 
UGA,Uganda,ECON_SOC_PRO_EXP_PTEXP,government expenditure on social protection (% government budget),,,,,,PCNT,%,2019,1.457812132,,,,,,,,,,IMF Government Finance Statistics Database 
UGA,Uganda,ECON_SOC_PRO_EXP_PTGDP,government expenditure on social protection (% GDP),,,,,,PCNT,%,2019,0.233819746,,,,,,,,,,IMF Government Finance Statistics Database 
ZAF,South Africa,ECON_GVT_EDU_EXP_PTEXP,government expenditure on education (% government budget),,,,,,PCNT,%,2019,19.45059013,,,,,,,,,,World  Bank Development Indicators 
ZAF,South Africa,ECON_GVT_EDU_EXP_PTGDP,government expenditure on education (% GDP),,,,,,PCNT,%,2019,6.505050182,,,,,,,,,,World  Bank Development Indicators 
ZAF,South Africa,ECON_GVT_EXP_PTGDP,government expenditure (% GDP),,,,,,PCNT,%,2019,21.2957369,,,,,,,,,,World  Bank Development Indicators 
ZAF,South Africa,ECON_GVT_HLTH_EXP_PTEXP,government expenditure on health (% government budget),,,,,,PCNT,%,2018,13.33855534,,,,,,,,,,World  Bank Development Indicators 
ZAF,South Africa,ECON_GVT_HLTH_EXP_PTGDP,government expenditure on health (% GDP),,,,,,PCNT,%,2018,4.46094179,,,,,,,,,,World  Bank Development Indicators 
ZAF,South Africa,ECON_GVT_REV_PTGDP,government revenue (%GDP),,,,,,PCNT,%,2019,32.40507029,,,,,,,,,,World  Bank Development Indicators 
ZAF,South Africa,ECON_ODA_INFLOW_PTGNI,ODA inflow (%GNI),,,,,,PCNT,%,2019,0.284455151,,,,,,,,,,World  Bank Development Indicators 
ZAF,South Africa,ECON_ODA_INFLOW_USD,ODA inflow (USD),,,,,,USD,USD,2019,971.4799805,,,,,,,,,,World  Bank Development Indicators 
ZAF,South Africa,ECON_SOC_PRO_EXP_PTEXP,government expenditure on social protection (% government budget),,,,,,PCNT,%,2019,13.53207507,,,,,,,,,,IMF Government Finance Statistics Database 
ZAF,South Africa,ECON_SOC_PRO_EXP_PTGDP,government expenditure on social protection (% GDP),,,,,,PCNT,%,2019,6.006064613,,,,,,,,,,IMF Government Finance Statistics Database 
ZMB,Zambia,ECON_GVT_EDU_EXP_PTEXP,government expenditure on education (% government budget),,,,,,PCNT,%,2018,17.04800987,,,,,,,,,,World  Bank Development Indicators 
ZMB,Zambia,ECON_GVT_EDU_EXP_PTGDP,government expenditure on education (% GDP),,,,,,PCNT,%,2018,4.618090153,,,,,,,,,,World  Bank Development Indicators 
ZMB,Zambia,ECON_GVT_EXP_PTGDP,government expenditure (% GDP),,,,,,PCNT,%,2019,17.68419932,,,,,,,,,,World  Bank Development Indicators 
ZMB,Zambia,ECON_GVT_HLTH_EXP_PTEXP,government expenditure on health (% government budget),,,,,,PCNT,%,2018,7.0448103,,,,,,,,,,World  Bank Development Indicators 
ZMB,Zambia,ECON_GVT_HLTH_EXP_PTGDP,government expenditure on health (% GDP),,,,,,PCNT,%,2018,1.92871916,,,,,,,,,,World  Bank Development Indicators 
ZMB,Zambia,ECON_GVT_REV_PTGDP,government revenue (%GDP),,,,,,PCNT,%,2019,19.5960868,,,,,,,,,,World  Bank Development Indicators 
ZMB,Zambia,ECON_ODA_INFLOW_PTGNI,ODA inflow (%GNI),,,,,,PCNT,%,2019,4.26152446,,,,,,,,,,World  Bank Development Indicators 
ZMB,Zambia,ECON_ODA_INFLOW_USD,ODA inflow (USD),,,,,,USD,USD,2019,976.2800293,,,,,,,,,,World  Bank Development Indicators 
ZWE,Zimbabwe,ECON_GVT_EDU_EXP_PTEXP,government expenditure on education (% government budget),,,,,,PCNT,%,2018,19.0398407,,,,,,,,,,World  Bank Development Indicators 
ZWE,Zimbabwe,ECON_GVT_EDU_EXP_PTGDP,government expenditure on education (% GDP),,,,,,PCNT,%,2018,5.871349812,,,,,,,,,,World  Bank Development Indicators 
ZWE,Zimbabwe,ECON_GVT_EXP_PTGDP,government expenditure (% GDP),,,,,,PCNT,%,2018,25.61874134,,,,,,,,,,World  Bank Development Indicators 
ZWE,Zimbabwe,ECON_GVT_HLTH_EXP_PTEXP,government expenditure on health (% government budget),,,,,,PCNT,%,2018,7.55918026,,,,,,,,,,World  Bank Development Indicators 
ZWE,Zimbabwe,ECON_GVT_HLTH_EXP_PTGDP,government expenditure on health (% GDP),,,,,,PCNT,%,2018,1.3242476,,,,,,,,,,World  Bank Development Indicators 
ZWE,Zimbabwe,ECON_GVT_REV_PTGDP,government revenue (%GDP),,,,,,PCNT,%,2018,23.2420097,,,,,,,,,,World  Bank Development Indicators 
ZWE,Zimbabwe,ECON_ODA_INFLOW_PTGNI,ODA inflow (%GNI),,,,,,PCNT,%,2019,4.91478904,,,,,,,,,,World  Bank Development Indicators 
ZWE,Zimbabwe,ECON_ODA_INFLOW_USD,ODA inflow (USD),,,,,,USD,USD,2019,974.8900146,,,,,,,,,,World  Bank Development Indicators 
